amostra,Pop,dpi,In—culo,CT1_DENV,CT2_DENV,CT3_DENV,CT4_DENV,CT5_DENV,CT6_DENV,CT1_TM513,CT2_TM514,CT3_TM515,CT4_TM516,CT1_RPS17,CT2_RPS17,CT3_RPS17,CT4_RPS17
254,TET,3,10^4,Undetermined,Undetermined,,,,,38.18500137329100,,,,20.26199913024900,,,
255,TET,3,10^4,Undetermined,Undetermined,Undetermined,Undetermined,,,33.18799972534180,,,,20.06299972534180,,,
256,TET,3,10^4,Undetermined,Undetermined,Undetermined,Undetermined,,,Undetermined,,,,19.78599929809570,,,
257,TET,3,10^4,Undetermined,Undetermined,Undetermined,Undetermined,,,Undetermined,,,,19.56200027465820,,,
258,TET,3,10^4,Undetermined,Undetermined,,,,,24.62400054931640,,,,20.64599990844730,,,
259,TET,3,10^4,Undetermined,Undetermined,Undetermined,Undetermined,,,Undetermined,,,,19.85700035095210,,,
260,TET,3,10^4,Undetermined,Undetermined,Undetermined,Undetermined,,,34.33100128173830,,,,20.24900054931640,,,
261,TET,3,10^4,Undetermined,Undetermined,,,,,32.08000183105470,,,,24.14299964904790,,,
262,TET,3,10^4,Undetermined,37.15299987792970,Undetermined,Undetermined,,,Undetermined,,,,19.49900054931640,,,
88,TET,7,10^4,Undetermined,Undetermined,,,,,Undetermined,,,,18.85400009155270,,,
89,TET,7,10^4,Undetermined,Undetermined,,,,,Undetermined,,,,19.60600090026860,,,
90,TET,7,10^4,Undetermined,Undetermined,,,,,Undetermined,,,,18.42900085449220,,,
91,TET,7,10^4,Undetermined,Undetermined,,,,,Undetermined,,,,19.33900070190430,,,
92,TET,7,10^4,Undetermined,Undetermined,,,,,Undetermined,,,,18.55200004577640,,,
93,TET,7,10^4,Undetermined,Undetermined,,,,,Undetermined,,,,19.06200027465820,,,
94,TET,7,10^4,Undetermined,Undetermined,,,,,Undetermined,,,,19.18600082397460,,,
95,TET,7,10^4,Undetermined,Undetermined,,,,,44.67399978637700,,,,19.71500015258790,,,
96,TET,7,10^4,Undetermined,Undetermined,,,,,Undetermined,,,,18.61599922180180,,,
97,TET,7,10^4,Undetermined,Undetermined,,,,,Undetermined,,,,20.12100028991700,,,
98,TET,7,10^4,Undetermined,Undetermined,,,,,Undetermined,,,,19.42799949646000,,,
99,TET,7,10^4,Undetermined,Undetermined,,,,,Undetermined,,,,19.88400077819820,,,
1,TET,14,10^4,Undetermined,Undetermined,,,,,Undetermined,,,,19.78700065612790,,,
2,TET,14,10^4,Undetermined,Undetermined,,,,,Undetermined,,,,19.10600090026860,,,
3,TET,14,10^4,Undetermined,Undetermined,,,,,Undetermined,,,,19.67200088500980,,,
4,TET,14,10^4,Undetermined,Undetermined,,,,,Undetermined,,,,19.01099967956540,,,
263,TET,3,10^5,Undetermined,Undetermined,,,,,39.04600143432620,,,,19.92900085449220,,,
264,TET,3,10^5,Undetermined,Undetermined,,,,,41.36299896240230,,,,20.82399940490720,,,
265,TET,3,10^5,Undetermined,Undetermined,,,,,Undetermined,,,,20.09499931335450,,,
100,TET,7,10^5,Undetermined,Undetermined,,,,,Undetermined,,,,18.29299926757810,,,
101,TET,7,10^5,Undetermined,Undetermined,,,,,Undetermined,,,,19.12700080871580,,,
102,TET,7,10^5,Undetermined,Undetermined,,,,,Undetermined,,,,19.44799995422360,,,
5,TET,14,10^5,Undetermined,Undetermined,,,,,Undetermined,,,,19.06500053405760,,,
6,TET,14,10^5,Undetermined,Undetermined,,,,,Undetermined,,,,18.84199905395510,,,
7,TET,14,10^5,Undetermined,Undetermined,,,,,Undetermined,,,,19.48399925231930,,,
266,TET,3,10^6,Undetermined,38.67499923706050,,,,,40.36899948120120,,,,20.34399986267090,,,
267,TET,3,10^6,Undetermined,Undetermined,,,,,Undetermined,,,,19.91300010681150,,,
268,TET,3,10^6,Undetermined,Undetermined,,,,,41.63199996948240,,,,21.32799911499020,,,
269,TET,3,10^6,Undetermined,Undetermined,,,,,Undetermined,,,,20.89699935913090,,,
270,TET,3,10^6,Undetermined,Undetermined,,,,,41.22399902343750,,,,20.66900062561030,,,
271,TET,3,10^6,Undetermined,Undetermined,,,,,Undetermined,,,,19.56599998474120,,,
272,TET,3,10^6,Undetermined,Undetermined,,,,,Undetermined,,,,22.43899917602540,,,
273,TET,3,10^6,Undetermined,Undetermined,,,,,Undetermined,,,,19.87199974060060,,,
103,TET,7,10^6,Undetermined,Undetermined,,,,,Undetermined,,,,19.57900047302250,,,
104,TET,7,10^6,Undetermined,Undetermined,,,,,Undetermined,,,,19.03100013732910,,,
105,TET,7,10^6,Undetermined,Undetermined,,,,,Undetermined,,,,18.88299942016600,,,
106,TET,7,10^6,Undetermined,Undetermined,,,,,Undetermined,,,,19.42099952697750,,,
107,TET,7,10^6,Undetermined,Undetermined,,,,,Undetermined,,,,19.32699966430660,,,
108,TET,7,10^6,Undetermined,Undetermined,,,,,Undetermined,,,,19.20299911499020,,,
109,TET,7,10^6,Undetermined,39.15100097656250,Undetermined,,,,Undetermined,,,,19.32799911499020,,,
110,TET,7,10^6,,,,,,,Undetermined,,,,18.98800086975100,,,
111,TET,7,10^6,Undetermined,Undetermined,,,,,Undetermined,,,,19.01000022888180,,,
8,TET,14,10^6,Undetermined,Undetermined,,,,,Undetermined,,,,18.61899948120120,,,
9,TET,14,10^6,Undetermined,Undetermined,,,,,Undetermined,,,,19.70400047302250,,,
10,TET,14,10^6,Undetermined,Undetermined,,,,,Undetermined,,,,19.53199958801270,,,
11,TET,14,10^6,Undetermined,Undetermined,,,,,Undetermined,,,,19.07399940490720,,,
12,TET,14,10^6,Undetermined,Undetermined,,,,,Undetermined,,,,18.56599998474120,,,
13,TET,14,10^6,Undetermined,Undetermined,,,,,Undetermined,,,,18.56100082397460,,,
14,TET,14,10^6,Undetermined,Undetermined,,,,,Undetermined,,,,19.18199920654300,,,
274,TET,3,10^7,Undetermined,37.56000137329100,,,,,40.99700164794920,,,,21.30900001525880,,,
275,TET,3,10^7,Undetermined,37.75000000000000,,,,,40.45399856567380,,,,20.05800056457520,,,
276,TET,3,10^7,36.52099990844730,37.33499908447270,,,,,Undetermined,,,,20.00799942016600,,,
277,TET,3,10^7,Undetermined,Undetermined,,,,,Undetermined,,,,20.19400024414060,,,
278,TET,3,10^7,Undetermined,Undetermined,,,,,Undetermined,,,,19.69400024414060,,,
279,TET,3,10^7,Undetermined,Undetermined,,,,,41.72900009155270,,,,20.26799964904780,,,
280,TET,3,10^7,Undetermined,38.73500061035160,,,,,Undetermined,,,,20.01000022888180,,,
281,TET,3,10^7,36.98500061035160,Undetermined,,,,,Undetermined,,,,19.91900062561040,,,
282,TET,3,10^7,38.61199951171870,38.49900054931640,,,,,39.87300109863280,,,,20.39399909973140,,,
283,TET,3,10^7,33.79199981689450,33.59400177001950,,,,,41.68999862670900,,,,20.62100028991700,,,
284,TET,3,10^7,38.78699874877930,Undetermined,,,,,41.62300109863280,,,,19.79899978637700,,,
285,TET,3,10^7,Undetermined,Undetermined,,,,,38.23600006103520,,,,19.39599990844730,,,
112,TET,7,10^7,38.23600006103520,Undetermined,,,,,Undetermined,,,,18.93300056457520,,,
113,TET,7,10^7,38.39599990844730,Undetermined,Undetermined,Undetermined,,,Undetermined,,,,19.01300048828130,,,
114,TET,7,10^7,Undetermined,Undetermined,,,,,Undetermined,,,,17.78899955749510,,,
115,TET,7,10^7,Undetermined,38.87400054931640,,,,,14.51399993896480,,,,18.54999923706050,,,
116,TET,7,10^7,38.98600006103520,Undetermined,,,,,Undetermined,,,,18.04599952697750,,,
117,TET,7,10^7,23.18499946594240,23.27899932861330,,,,,Undetermined,,,,18.43099975585940,,,
118,TET,7,10^7,39.18000030517580,Undetermined,,,,,Undetermined,,,,17.83099937438960,,,
119,TET,7,10^7,23.90900039672850,23.94000053405760,,,,,Undetermined,,,,18.51899909973140,,,
120,TET,7,10^7,Undetermined,37.75799942016600,,,,,14.41199970245360,,,,18.24699974060060,,,
121,TET,7,10^7,40.70800018310550,38.70299911499020,,,,,Undetermined,,,,23.31399917602540,,,
15,TET,14,10^7,Undetermined,Undetermined,,,,,15.05300045013430,,,,18.50399971008300,,,
16,TET,14,10^7,Undetermined,Undetermined,,,,,Undetermined,,,,19.59099960327150,,,
17,TET,14,10^7,Undetermined,Undetermined,,,,,Undetermined,,,,18.97400093078610,,,
18,TET,14,10^7,38.58900070190430,Undetermined,,,,,Undetermined,,,,19.26600074768070,,,
19,TET,14,10^7,Undetermined,38.90100097656250,,,,,Undetermined,,,,19.07299995422360,,,
20,TET,14,10^7,Undetermined,Undetermined,,,,,Undetermined,,,,19.36400032043460,,,
286,TET,3,10^8,33.07699966430660,32.77799987792970,,,,,Undetermined,,,,19.62000083923340,,,
287,TET,3,10^8,Undetermined,Undetermined,,,,,35.64899826049800,,,,20.35799980163570,,,
288,TET,3,10^8,32.99700164794920,33.06100082397460,,,,,10.02299976348880,,,,19.28300094604490,,,
289,TET,3,10^8,36.71400070190430,36.36100006103520,,,,,36.38499832153320,,,,23.50900077819820,,,
290,TET,3,10^8,36.21599960327150,36.84600067138670,,,,,41.89199829101560,,,,27.60099983215330,,,
291,TET,3,10^8,33.21400070190430,32.76100158691410,,,,,34.96599960327150,,,,19.60700035095210,,,
292,TET,3,10^8,33.52899932861330,33.16999816894530,,,,,35.90800094604490,,,,19.47800064086910,,,
293,TET,3,10^8,32.90700149536130,33.20600128173830,,,,,34.23799896240230,,,,19.43700027465820,,,
122,TET,7,10^8,22.88899993896480,23.17799949646000,,,,,Undetermined,,,,19.55800056457520,,,
123,TET,7,10^8,24.98100090026860,24.94899940490720,Undetermined,,,,Undetermined,,,,18.68199920654300,,,
124,TET,7,10^8,22.90200042724610,22.87899971008300,Undetermined,,,,Undetermined,,,,18.05400085449220,,,
125,TET,7,10^8,24.31399917602540,24.35499954223630,Undetermined,,,,41.82600021362310,,,,18.47100067138670,,,
126,TET,7,10^8,22.68400001525880,22.70000076293950,Undetermined,,,,Undetermined,,,,17.82900047302250,,,
127,TET,7,10^8,23.24900054931640,23.19700050354000,Undetermined,,,,Undetermined,,,,18.79000091552730,,,
128,TET,7,10^8,37.60400009155270,37.19800186157230,Undetermined,,,,Undetermined,,,,20.98800086975100,,,
129,TET,7,10^8,35.92499923706050,34.49300003051760,Undetermined,,,,Undetermined,,,,21.36300086975100,,,
130,TET,7,10^8,24.44400024414060,24.55800056457520,Undetermined,,,,Undetermined,,,,18.32999992370610,,,
21,TET,14,10^8,20.94199943542480,21.29999923706050,,,,,Undetermined,,,,19.73800086975100,,,
22,TET,14,10^8,20.68400001525880,20.92300033569340,,,,,Undetermined,,,,19.31399917602540,,,
23,TET,14,10^8,21.50900077819820,21.85700035095210,,,,,Undetermined,,,,19.00000000000000,,,
24,TET,14,10^8,19.58600044250490,19.85199928283690,,,,,17.27099990844730,,,,18.41900062561040,,,
25,TET,14,10^8,21.19700050354000,21.03800010681150,,,,,Undetermined,,,,18.25300025939940,,,
26,TET,14,10^8,20.17099952697750,20.37700080871580,,,,,Undetermined,Undetermined,,,19.24799919128420,19.06800079345700,,
27,TET,14,10^8,20.26099967956540,20.27599906921390,20.12800025939940,20.39399909973140,,,Undetermined,Undetermined,Undetermined,,19.13800048828130,19.78199958801270,,
28,TET,14,10^8,20.81200027465820,20.81599998474120,,,,,Undetermined,Undetermined,,,18.56900024414060,18.63899993896480,,
29,TET,14,10^8,37.35400009155270,36.58399963378910,,,,,Undetermined,,,,18.17000007629390,19.14699935913090,,
30,TET,14,10^8,19.01399993896480,18.91399955749510,,,,,23.58200073242190,,,,18.46899986267090,,,
31,TET,14,10^8,36.76499938964840,37.71699905395510,,,,,Undetermined,,,,18.77099990844730,,,
32,TET,14,10^8,36.20399856567380,35.06399917602540,,,,,Undetermined,,,,18.93099975585940,,,
33,TET,14,10^8,20.18899917602540,20.04299926757810,,,,,Undetermined,,,,18.88100051879880,,,
34,TET,14,10^8,19.06900024414060,19.32099914550780,,,,,Undetermined,,,,18.93799972534180,,,
294,TET,3,CTRL,Undetermined,Undetermined,Undetermined,Undetermined,,,35.72900009155270,35.95800018310550,,,20.39900016784670,20.33499908447270,,
295,TET,3,CTRL,Undetermined,Undetermined,,,,,Undetermined,,,,19.85099983215330,,,
296,TET,3,CTRL,Undetermined,Undetermined,,,,,Undetermined,,,,19.21699905395510,,,
297,TET,3,CTRL,Undetermined,Undetermined,,,,,Undetermined,,,,18.81200027465820,,,
298,TET,3,CTRL,Undetermined,Undetermined,,,,,Undetermined,,,,19.97599983215330,,,
299,TET,3,CTRL,Undetermined,Undetermined,,,,,Undetermined,,,,19.19499969482420,,,
300,TET,3,CTRL,Undetermined,Undetermined,,,,,Undetermined,,,,19.62599945068360,,,
301,TET,3,CTRL,Undetermined,Undetermined,Undetermined,Undetermined,,,Undetermined,Undetermined,,,19.97200012207030,23.58499908447270,,
131,TET,7,CTRL,Undetermined,Undetermined,,,,,39.29399871826170,,,,19.04999923706050,,,
36,TET,14,CTRL,Undetermined,Undetermined,Undetermined,38.44699859619140,,,Undetermined,Undetermined,,,18.64900016784670,18.70899963378910,18.63100051879880,17.24300003051760
37,TET,14,CTRL,Undetermined,Undetermined,,,,,Undetermined,,,,18.64599990844730,,,
38,TET,14,CTRL,Undetermined,Undetermined,Undetermined,Undetermined,38.83800125122070,Undetermined,Undetermined,,,,19.26499938964840,,,
189,wMEL,3,10^4,Undetermined,Undetermined,,,,,19.30400085449220,,,,18.46299934387210,,,
190,wMEL,3,10^4,Undetermined,Undetermined,Undetermined,Undetermined,,,18.21599960327150,,,,16.97500038146970,,,
191,wMEL,3,10^4,Undetermined,Undetermined,,,,,18.15699958801270,,,,18.40800094604490,,,
192,wMEL,3,10^4,Undetermined,Undetermined,,,,,17.79800033569340,,,,18.18300056457520,,,
193,wMEL,3,10^4,Undetermined,Undetermined,,,,,18.70299911499020,,,,19.07299995422360,,,
194,wMEL,3,10^4,Undetermined,Undetermined,,,,,18.62199974060060,,,,18.97599983215330,,,
195,wMEL,3,10^4,Undetermined,Undetermined,,,,,17.88599967956540,,,,18.54599952697750,,,
196,wMEL,3,10^4,Undetermined,Undetermined,,,,,18.29999923706050,,,,18.56200027465820,,,
197,wMEL,3,10^4,Undetermined,Undetermined,,,,,18.65800094604490,,,,18.62800025939940,,,
198,wMEL,3,10^4,Undetermined,Undetermined,,,,,18.80500030517580,,,,18.90900039672850,,,
252,wMEL,3,10^4,Undetermined,Undetermined,,,,,19.28400039672850,,,,19.74200057983400,,,
253,wMEL,3,10^4,Undetermined,Undetermined,,,,,19.92799949646000,,,,19.76799964904790,,,
132,wMEL,7,10^4,Undetermined,,,,,,19.34499931335450,,,,18.56399917602540,,,
133,wMEL,7,10^4,Undetermined,,,,,,19.19700050354000,,,,17.87999916076660,,,
134,wMEL,7,10^4,Undetermined,,,,,,19.02799987792970,,,,18.37899971008300,,,
135,wMEL,7,10^4,Undetermined,,,,,,19.62700080871580,,,,18.32699966430660,,,
136,wMEL,7,10^4,Undetermined,Undetermined,,,,,18.84499931335450,,,,18.23200035095210,,,
137,wMEL,7,10^4,Undetermined,Undetermined,,,,,20.01499938964840,,,,18.89599990844730,,,
39,wMEL,14,10^4,Undetermined,37.78400039672850,,,,,18.05900001525880,18.91399955749510,,,18.86599922180180,18.88699913024900,,
40,wMEL,14,10^4,Undetermined,Undetermined,,,,,17.92000007629390,18.33399963378910,,,18.64200019836430,18.61899948120120,,
41,wMEL,14,10^4,Undetermined,Undetermined,,,,,18.27099990844730,,,,18.99500083923340,,,
42,wMEL,14,10^4,Undetermined,Undetermined,,,,,17.88400077819820,,,,18.69799995422360,,,
43,wMEL,14,10^4,Undetermined,Undetermined,,,,,18.66300010681150,,,,19.32799911499020,,,
44,wMEL,14,10^4,Undetermined,Undetermined,,,,,18.78400039672850,,,,19.01499938964840,,,
45,wMEL,14,10^4,Undetermined,Undetermined,,,,,20.35799980163570,,,,19.05900001525880,,,
199,wMEL,3,10^5,Undetermined,Undetermined,,,,,20.01799964904780,,,,19.46100044250490,,,
200,wMEL,3,10^5,38.84899902343750,39.12900161743160,,,,,20.56800079345700,,,,19.85199928283690,,,
201,wMEL,3,10^5,Undetermined,Undetermined,,,,,19.75200080871580,,,,19.53000068664550,,,
202,wMEL,3,10^5,Undetermined,Undetermined,,,,,20.94899940490720,,,,20.48299980163570,,,
203,wMEL,3,10^5,Undetermined,Undetermined,,,,,20.21800041198730,,,,20.37700080871580,,,
204,wMEL,3,10^5,Undetermined,Undetermined,,,,,19.44400024414060,,,,18.97299957275390,,,
205,wMEL,3,10^5,Undetermined,Undetermined,,,,,19.91200065612790,,,,20.22800064086910,,,
206,wMEL,3,10^5,Undetermined,Undetermined,,,,,20.17499923706050,,,,20.01600074768070,,,
207,wMEL,3,10^5,Undetermined,Undetermined,,,,,20.70299911499020,,,,19.63199996948240,,,
208,wMEL,3,10^5,Undetermined,Undetermined,,,,,20.51700019836430,,,,20.59399986267090,,,
209,wMEL,3,10^5,Undetermined,Undetermined,,,,,22.01799964904790,,,,22.97800064086910,,,
138,wMEL,7,10^5,Undetermined,Undetermined,,,,,19.53199958801270,,,,18.13400077819820,,,
139,wMEL,7,10^5,39.01300048828120,Undetermined,,,,,18.38800048828130,,,,18.33699989318850,,,
140,wMEL,7,10^5,Undetermined,Undetermined,,,,,19.59799957275390,,,,18.94799995422360,,,
141,wMEL,7,10^5,Undetermined,Undetermined,,,,,18.69700050354000,,,,17.83200073242190,,,
142,wMEL,7,10^5,Undetermined,Undetermined,,,,,18.77300071716310,,,,18.40200042724610,,,
143,wMEL,7,10^5,Undetermined,Undetermined,,,,,20.07299995422360,,,,19.26899909973140,,,
144,wMEL,7,10^5,Undetermined,Undetermined,,,,,19.09399986267090,,,,18.04899978637700,,,
145,wMEL,7,10^5,Undetermined,,,,,,20.25699996948240,,,,18.99200057983400,,,
146,wMEL,7,10^5,Undetermined,Undetermined,,,,,24.12800025939940,,,,21.73399925231930,,,
147,wMEL,7,10^5,Undetermined,Undetermined,,,,,25.15299987792970,,,,21.33300018310550,,,
46,wMEL,14,10^5,Undetermined,Undetermined,,,,,17.34900093078610,17.53599929809570,,,18.10099983215330,18.00200080871580,,
47,wMEL,14,10^5,Undetermined,Undetermined,,,,,19.43600082397460,17.77700042724610,,,18.74699974060060,18.68899917602540,,
48,wMEL,14,10^5,Undetermined,Undetermined,,,,,18.80599975585940,,,,18.75099945068360,,,
49,wMEL,14,10^5,Undetermined,39.13600158691410,,,,,18.48999977111820,,,,18.77300071716310,,,
210,wMEL,3,10^6,Undetermined,Undetermined,,,,,19.96199989318850,,,,19.47699928283690,,,
211,wMEL,3,10^6,Undetermined,38.88000106811520,,,,,19.54999923706050,,,,20.53899955749510,,,
212,wMEL,3,10^6,Undetermined,Undetermined,,,,,20.13999938964840,,,,20.03400039672850,,,
213,wMEL,3,10^6,Undetermined,Undetermined,,,,,20.03899955749510,,,,19.98200035095210,,,
214,wMEL,3,10^6,Undetermined,Undetermined,,,,,19.79500007629390,,,,19.60600090026860,,,
215,wMEL,3,10^6,Undetermined,Undetermined,,,,,19.47400093078610,,,,19.77599906921390,,,
216,wMEL,3,10^6,38.04800033569340,39.34999847412110,,,,,20.18499946594240,,,,20.79999923706050,,,
217,wMEL,3,10^6,Undetermined,Undetermined,,,,,19.25499916076660,,,,20.18600082397460,,,
218,wMEL,3,10^6,Undetermined,37.95199966430660,,,,,20.30699920654300,,,,19.97299957275390,,,
149,wMEL,7,10^6,Undetermined,Undetermined,,,,,18.26899909973140,,,,17.21999931335450,,,
150,wMEL,7,10^6,Undetermined,Undetermined,,,,,17.63999938964840,,,,20.54000091552730,,,
151,wMEL,7,10^6,Undetermined,Undetermined,,,,,18.58799934387210,,,,17.69099998474120,,,
152,wMEL,7,10^6,39.49000167846680,Undetermined,,,,,18.12400054931640,,,,17.76399993896480,,,
153,wMEL,7,10^6,Undetermined,Undetermined,,,,,17.80599975585940,,,,17.18400001525880,,,
154,wMEL,7,10^6,Undetermined,Undetermined,,,,,19.43600082397460,,,,17.26399993896480,,,
155,wMEL,7,10^6,37.70600128173830,Undetermined,,,,,17.55400085449220,,,,17.18300056457520,,,
156,wMEL,7,10^6,Undetermined,Undetermined,,,,,17.89299964904790,,,,17.54599952697750,,,
157,wMEL,7,10^6,Undetermined,Undetermined,,,,,17.99300003051760,,,,17.53700065612790,,,
158,wMEL,7,10^6,Undetermined,Undetermined,,,,,18.29999923706050,,,,17.83799934387210,,,
50,wMEL,14,10^6,Undetermined,Undetermined,,,,,18.00799942016600,18.10000038146970,,,18.76700019836430,18.57200050354000,,
51,wMEL,14,10^6,Undetermined,Undetermined,,,,,18.12199974060060,18.06999969482420,,,18.78199958801270,18.90800094604490,,
52,wMEL,14,10^6,Undetermined,Undetermined,,,,,21.81299972534180,,,,18.96299934387210,,,
53,wMEL,14,10^6,Undetermined,Undetermined,,,,,17.95299911499020,,,,18.84700012207030,,,
54,wMEL,14,10^6,Undetermined,Undetermined,,,,,18.71500015258790,,,,19.08499908447270,,,
55,wMEL,14,10^6,Undetermined,38.72900009155270,,,,,18.89699935913090,,,,18.67600059509280,,,
56,wMEL,14,10^6,Undetermined,Undetermined,,,,,18.52199935913090,,,,19.11100006103520,,,
57,wMEL,14,10^6,38.58399963378910,Undetermined,,,,,18.56900024414060,,,,18.93400001525880,,,
219,wMEL,3,10^7,Undetermined,Undetermined,,,,,20.18499946594240,,,,20.17600059509280,,,
220,wMEL,3,10^7,39.46900177001950,37.97299957275390,,,,,20.41399955749510,,,,20.16300010681150,,,
221,wMEL,3,10^7,38.11399841308590,37.27799987792970,,,,,19.63999938964840,,,,19.44400024414060,,,
222,wMEL,3,10^7,Undetermined,Undetermined,,,,,19.54800033569340,,,,18.24099922180180,,,
223,wMEL,3,10^7,Undetermined,Undetermined,,,,,19.23999977111820,,,,20.24200057983400,,,
224,wMEL,3,10^7,Undetermined,Undetermined,,,,,21.76300048828120,,,,21.64299964904790,,,
225,wMEL,3,10^7,Undetermined,Undetermined,,,,,20.11599922180180,,,,19.70400047302250,,,
226,wMEL,3,10^7,38.22900009155270,39.71400070190430,,,,,20.10000038146970,,,,24.17099952697750,,,
227,wMEL,3,10^7,Undetermined,Undetermined,,,,,20.12500000000000,,,,22.43899917602540,,,
159,wMEL,7,10^7,Undetermined,Undetermined,,,,,17.78100013732910,,,,16.62500000000000,,,
160,wMEL,7,10^7,Undetermined,Undetermined,,,,,19.44899940490720,,,,17.67200088500980,,,
161,wMEL,7,10^7,39.27799987792970,Undetermined,,,,,17.87999916076660,,,,15.56000041961670,,,
162,wMEL,7,10^7,Undetermined,39.09899902343750,,,,,18.77499961853030,,,,16.65699958801270,,,
163,wMEL,7,10^7,Undetermined,Undetermined,,,,,18.62500000000000,,,,17.26700019836430,,,
164,wMEL,7,10^7,39.34500122070310,Undetermined,,,,,17.91200065612790,,,,16.24699974060060,,,
165,wMEL,7,10^7,Undetermined,Undetermined,,,,,18.89200019836430,,,,17.75699996948240,,,
166,wMEL,7,10^7,37.93000030517580,Undetermined,,,,,18.26899909973140,,,,16.43799972534180,,,
167,wMEL,7,10^7,Undetermined,Undetermined,,,,,20.91300010681150,,,,25.37100028991700,,,
168,wMEL,7,10^7,36.49900054931640,34.99100112915040,,,,,18.06599998474120,,,,16.79400062561040,,,
58,wMEL,14,10^7,21.07399940490720,21.04199981689450,,,,,18.11800003051760,17.94099998474120,,,19.18000030517580,19.09199905395510,,
59,wMEL,14,10^7,37.15200042724610,37.82500076293950,,,,,18.13699913024900,17.80100059509280,,,18.37400054931640,18.36499977111820,,
60,wMEL,14,10^7,Undetermined,38.97000122070310,,,,,17.74500083923340,,,,18.03599929809570,,,
61,wMEL,14,10^7,39.06200027465820,36.85300064086910,,,,,18.44599914550780,,,,19.24799919128420,,,
62,wMEL,14,10^7,Undetermined,38.54800033569340,,,,,18.16399955749510,,,,18.77799987792970,,,
63,wMEL,14,10^7,Undetermined,Undetermined,,,,,18.70000076293950,,,,18.81200027465820,,,
64,wMEL,14,10^7,22.20499992370610,22.39999961853030,,,,,19.92200088500980,,,,20.07600021362300,,,
65,wMEL,14,10^7,Undetermined,Undetermined,,,,,18.54599952697750,,,,18.75200080871580,,,
66,wMEL,14,10^7,39.54600143432620,Undetermined,,,,,18.93300056457520,,,,19.73200035095210,,,
67,wMEL,14,10^7,39.70100021362300,39.54899978637700,,,,,17.49900054931640,,,,18.10600090026860,,,
228,wMEL,3,10^8,35.81399917602540,35.33599853515620,35.33700180053710,34.50799942016600,,,Undetermined,,,,19.38599967956540,,,
229,wMEL,3,10^8,38.40200042724610,36.35499954223630,,,,,18.66799926757810,,,,18.59000015258790,,,
230,wMEL,3,10^8,34.81499862670900,34.57300186157230,,,,,19.82200050354000,,,,20.28000068664550,,,
231,wMEL,3,10^8,36.57400131225590,35.63299942016600,,,,,20.14599990844730,,,,19.69599914550780,,,
232,wMEL,3,10^8,36.82799911499020,37.93799972534180,,,,,19.94199943542480,,,,19.70100021362300,,,
233,wMEL,3,10^8,37.49399948120120,37.76200103759770,,,,,19.04100036621090,,,,19.76000022888180,,,
234,wMEL,3,10^8,34.29899978637700,34.21500015258790,,,,,19.94599914550780,,,,20.60099983215330,,,
235,wMEL,3,10^8,36.39199829101560,37.52099990844730,,,,,19.67700004577640,,,,19.77599906921390,,,
236,wMEL,3,10^8,33.95899963378910,33.79899978637700,,,,,19.29500007629390,,,,19.93099975585940,,,
237,wMEL,3,10^8,35.70199966430660,36.12900161743160,,,,,19.38800048828120,,,,20.16500091552730,,,
238,wMEL,3,10^8,38.81999969482420,36.99300003051760,,,,,19.79199981689450,,,,19.99799919128420,,,
239,wMEL,3,10^8,36.86399841308590,36.33900070190430,,,,,19.66699981689450,,,,19.68499946594240,,,
240,wMEL,3,10^8,36.68299865722660,36.70199966430660,,,,,19.22200012207030,,,,19.60899925231930,,,
169,wMEL,7,10^8,Undetermined,Undetermined,,,,,19.26499938964840,,,,17.03400039672850,,,
170,wMEL,7,10^8,Undetermined,Undetermined,,,,,18.59900093078610,,,,16.58499908447270,,,
171,wMEL,7,10^8,26.06800079345700,26.75200080871580,,,,,18.60600090026860,,,,17.80699920654300,,,
172,wMEL,7,10^8,37.55199813842770,36.95600128173830,,,,,19.81200027465820,,,,17.85600090026860,,,
173,wMEL,7,10^8,36.57799911499020,36.02999877929690,,,,,19.02499961853030,,,,17.19700050354000,,,
174,wMEL,7,10^8,23.69400024414060,23.85000038146970,,,,,17.73200035095210,,,,16.40999984741210,,,
175,wMEL,7,10^8,24.96699905395510,24.94300079345700,,,,,17.68000030517580,,,,16.90399932861330,,,
176,wMEL,7,10^8,35.96500015258790,Undetermined,,,,,19.41900062561040,,,,17.46299934387210,,,
177,wMEL,7,10^8,30.99099922180180,31.05900001525880,,,,,18.60000038146970,,,,24.71599960327150,,,
178,wMEL,7,10^8,37.07500076293950,36.63100051879880,,,,,23.47999954223630,,,,24.54400062561040,,,
68,wMEL,14,10^8,37.79499816894530,36.98099899291990,,,,,17.99200057983400,18.26300048828120,,,18.95000076293950,19.12100028991700,,
69,wMEL,14,10^8,20.58699989318850,36.15999984741210,20.09700012207030,36.75899887084960,36.13899993896480,36.03499984741210,22.69599914550780,,,,19.07399940490720,,,
70,wMEL,14,10^8,20.82600021362300,21.05699920654300,,,,,18.06999969482420,18.15800094604490,23.50799942016600,,19.02700042724610,18.79100036621090,19.49200057983400,
71,wMEL,14,10^8,23.16099929809570,23.35499954223630,,,,,17.91799926757810,18.06800079345700,18.84099960327150,,19.38100051879880,19.59600067138670,19.72500038146970,
72,wMEL,14,10^8,33.04199981689450,33.04100036621090,,,,,18.87100028991700,,,,18.87599945068360,,,
73,wMEL,14,10^8,22.67499923706050,22.38899993896480,,,,,19.81100082397460,,,,19.11400032043460,,,
74,wMEL,14,10^8,38.19200134277340,Undetermined,,,,,19.59499931335450,,,,19.22599983215330,,,
75,wMEL,14,10^8,20.95700073242190,20.95000076293950,,,,,19.78899955749510,,,,20.18400001525880,,,
76,wMEL,14,10^8,24.43799972534180,24.25200080871580,,,,,20.85000038146970,,,,21.26799964904780,,,
77,wMEL,14,10^8,22.43499946594240,22.44899940490720,,,,,20.93499946594240,,,,22.50900077819820,,,
78,wMEL,14,10^8,20.80699920654300,20.96699905395510,,,,,19.98500061035160,,,,19.66099929809570,,,
79,wMEL,14,10^8,37.86199951171870,Undetermined,,,,,20.34499931335450,,,,20.46100044250490,,,
80,wMEL,14,10^8,22.76199913024900,22.71100044250490,,,,,20.48299980163570,,,,20.73600006103520,,,
81,wMEL,14,10^8,22.93499946594240,23.01300048828120,,,,,20.70800018310550,,,,21.06900024414060,,,
247,wMEL,3,CRTL,Undetermined,Undetermined,,,,,19.71800041198730,,,,20.12100028991700,,,
248,wMEL,3,CRTL,Undetermined,Undetermined,,,,,19.26799964904790,,,,19.47900009155270,,,
249,wMEL,3,CRTL,Undetermined,Undetermined,,,,,19.64500045776370,,,,19.69899940490720,,,
250,wMEL,3,CRTL,Undetermined,Undetermined,,,,,20.97299957275390,,,,21.39500045776370,,,
251,wMEL,3,CRTL,Undetermined,Undetermined,,,,,19.16600036621090,,,,19.90999984741210,,,
241,wMEL,3,CTRL,Undetermined,Undetermined,Undetermined,,,,19.24699974060060,,,,19.32399940490720,,,
242,wMEL,3,CTRL,Undetermined,Undetermined,,,,,19.22299957275390,,,,20.25399971008300,,,
243,wMEL,3,CTRL,Undetermined,Undetermined,,,,,Undetermined,,,,19.63199996948240,,,
244,wMEL,3,CTRL,Undetermined,Undetermined,,,,,22.71100044250490,,,,20.66399955749510,,,
245,wMEL,3,CTRL,Undetermined,Undetermined,,,,,23.59799957275390,,,,20.36000061035160,,,
246,wMEL,3,CTRL,Undetermined,Undetermined,,,,,22.79500007629390,,,,23.24099922180180,,,
179,wMEL,7,CTRL,Undetermined,Undetermined,,,,,18.29199981689450,,,,17.00600051879880,,,
180,wMEL,7,CTRL,Undetermined,Undetermined,,,,,23.45800018310550,,,,19.11000061035160,,,
181,wMEL,7,CTRL,Undetermined,Undetermined,,,,,21.67099952697750,,,,18.47999954223630,,,
182,wMEL,7,CTRL,Undetermined,Undetermined,,,,,22.54100036621090,,,,18.90800094604490,,,
183,wMEL,7,CTRL,Undetermined,Undetermined,,,,,22.74399948120120,,,,19.04400062561040,,,
184,wMEL,7,CTRL,Undetermined,Undetermined,,,,,Undetermined,,,,18.49699974060060,,,
82,wMEL,14,CTRL,Undetermined,Undetermined,,,,,20.34199905395510,,,,20.28499984741210,,,
83,wMEL,14,CTRL,38.31200027465820,Undetermined,,,,,29.80599975585940,,,,20.65699958801270,,,
84,wMEL,14,CTRL,38.72000122070310,Undetermined,,,,,19.56699943542480,,,,18.24099922180180,,,
85,wMEL,14,CTRL,Undetermined,38.61199951171870,,,,,26.31699943542480,,,,20.86199951171880,,,
86,wMEL,14,CTRL,Undetermined,Undetermined,,,,,27.09099960327150,,,,20.82799911499020,,,
87,wMEL,14,CTRL,Undetermined,Undetermined,,,,,19.03199958801270,,,,19.27599906921390,,,
35,,,,,,,,,,Undetermined,,,,,,,
148,,,,,,,,,,,,,,,,,
185,,,,,,,,,,,,,,,,,
186,,,,,,,,,,,,,,,,,
187,,,,,,,,,,,,,,,,,
188,,,,,,,,,,,,,,,,,